trace_file,l1_size,l1_assoc,policy,l1_d_amat_off,l1_d_amat_on,amat_delta,amat_improvement_pct,l1_d_hit_rate_off,l1_d_hit_rate_on,hitrate_delta,l1_d_miss_rate_off,l1_d_miss_rate_on,missrate_delta,l2_total_accesses_off,l2_total_accesses_on,l2_access_delta,l2_amat_off,l2_amat_on
trace_sq,16384,1,LRU,7.95375,6.53439,1.4193600000000002,17.845167373880248,94.1686,94.1703,0.0016999999999995907,5.83137,5.82969,0.0016799999999994597,31705,52920,21215,61.7182,46.8934
trace_str,16384,1,LRU,7.48544,6.22746,1.2579799999999999,16.805692116963066,94.201,94.2108,0.009800000000012687,5.79902,5.78917,0.009849999999999248,52492,87911,35419,56.1682,42.4846
trace_rd,16384,1,LRU,7.25439,6.08032,1.1740699999999995,16.18426911153108,94.571,94.577,0.006000000000000227,5.42898,5.42295,0.00602999999999998,52793,88412,35619,55.9789,42.3673
